"Domicile Group","Domicile","2018/2019","2019/2020","2020/2021","2021/2022","2022/2023","2023/2024","2024/2025"
"(Other) EU","Austria",5,10,5,10,15,15,15
"(Other) EU","Belgium",15,20,20,25,15,20,20
"(Other) EU","Bulgaria",0,5,5,5,5,10,15
"(Other) EU","Croatia",5,5,5,5,5,10,5
"(Other) EU","Cyprus",0,0,5,5,10,15,15
"(Other) EU","Czech Republic",0,0,5,5,10,20,30
"(Other) EU","Denmark",0,0,5,5,10,30,35
"(Other) EU","Estonia",0,0,5,5,5,5,5
"(Other) EU","Finland",10,10,5,10,10,15,20
"(Other) EU","France",45,50,55,50,55,50,55
"(Other) EU","Germany",30,40,45,55,75,105,90
"(Other) EU","Greece",10,5,10,20,15,30,35
"(Other) EU","Hungary",5,0,5,0,5,5,10
"(Other) EU","Italy",40,55,50,45,65,65,70
"(Other) EU","Latvia",0,0,5,0,0,15,5
"(Other) EU","Lithuania",5,5,5,0,5,5,5
"(Other) EU","Luxembourg",5,5,5,10,10,15,15
"(Other) EU","Malta",5,5,5,10,15,20,15
"(Other) EU","Netherlands",15,20,15,30,20,45,60
"(Other) EU","Poland",30,20,30,15,35,40,50
"(Other) EU","Portugal",10,15,15,20,25,20,25
"(Other) EU","Romania",10,5,10,5,10,10,20
"(Other) EU","Slovakia",0,5,0,0,5,10,15
"(Other) EU","Slovenia",0,0,0,0,5,15,5
"(Other) EU","Spain",35,30,35,65,60,85,80
"(Other) EU","Sweden",5,5,10,10,10,10,15
"(Other) EU_TOTAL",,295,335,355,415,495,680,720
"Great Britain","Great Britain",410,335,360,330,315,300,290
"Great Britain_TOTAL",,410,335,360,330,315,300,290
"Ireland","Ireland",34495,35240,37540,37635,36525,37535,38625
"Ireland_TOTAL",,34495,35240,37540,37635,36525,37535,38625
"Non-EU","Afghanistan",0,0,0,0,0,5,0
"Non-EU","Albania",5,5,5,0,5,0,0
"Non-EU","Algeria",0,0,0,0,0,5,0
"Non-EU","Andorra",0,0,0,0,0,0,0
"Non-EU","Angola",0,0,0,0,0,0,0
"Non-EU","Antigua and Barbuda",0,0,0,0,0,0,0
"Non-EU","Argentina",0,0,0,0,0,0,0
"Non-EU","Armenia",0,0,0,0,0,0,0
"Non-EU","Australia",60,60,75,80,85,100,115
"Non-EU","Azerbaijan",0,0,0,0,0,0,0
"Non-EU","Bahamas",0,0,0,0,0,0,0
"Non-EU","Bahrain",20,20,15,30,30,50,55
"Non-EU","Bangladesh",5,5,5,5,10,10,15
"Non-EU","Barbados",0,0,0,0,0,0,0
"Non-EU","Belarus",0,0,0,0,0,0,0
"Non-EU","Benin",0,0,0,0,0,0,0
"Non-EU","Bermuda",5,0,5,5,5,5,5
"Non-EU","Bhutan",0,0,0,0,0,0,0
"Non-EU","Bolivia",0,0,0,0,0,0,0
"Non-EU","Bosnia and Herzegovina",0,0,0,0,0,0,0
"Non-EU","Botswana",5,10,15,25,20,20,20
"Non-EU","Brazil",10,5,15,15,10,15,10
"Non-EU","Brunei Darussalam",25,20,25,35,40,40,50
"Non-EU","Burundi",0,0,0,0,0,0,0
"Non-EU","Cambodia",0,0,0,0,0,0,0
"Non-EU","Cameroon",5,5,5,0,0,0,0
"Non-EU","Canada",1225,1280,1330,1370,1495,1520,1595
"Non-EU","Cayman Islands",0,0,0,0,0,0,5
"Non-EU","Chile",0,0,0,0,5,5,5
"Non-EU","China",160,150,145,190,275,345,325
"Non-EU","Colombia",0,0,0,0,0,0,0
"Non-EU","Congo",0,0,0,0,0,0,0
"Non-EU","Congo, The Democratic Republic of the",0,0,0,0,0,0,0
"Non-EU","Costa Rica",0,0,0,0,0,0,0
"Non-EU","Cuba",0,0,0,0,0,0,0
"Non-EU","Dominican Republic",0,0,0,0,0,0,0
"Non-EU","Ecuador",0,0,0,0,0,0,0
"Non-EU","Egypt",10,10,15,20,20,20,25
"Non-EU","El Salvador",0,0,0,0,0,0,0
"Non-EU","Eritrea",0,0,0,0,0,0,0
"Non-EU","Ethiopia",5,5,0,5,5,5,10
"Non-EU","Gabon",0,0,0,0,0,0,0
"Non-EU","Georgia",0,0,0,0,0,0,0
"Non-EU","Ghana",10,15,15,10,10,15,25
"Non-EU","Gibraltar",0,0,0,0,0,0,0
"Non-EU","Grenada",0,0,0,0,0,0,0
"Non-EU","Guatemala",0,0,0,0,0,0,0
"Non-EU","Guernsey",0,0,0,0,0,0,0
"Non-EU","Haiti",0,0,0,0,0,0,0
"Non-EU","Honduras",0,0,0,0,0,0,0
"Non-EU","Hong Kong",35,40,50,60,60,60,70
"Non-EU","Iceland",5,5,0,0,0,5,5
"Non-EU","India",265,275,235,310,405,500,545
"Non-EU","Indonesia",5,5,10,10,5,10,10
"Non-EU","Iran, Islamic Republic of",10,10,15,15,20,30,25
"Non-EU","Iraq",40,20,15,10,10,5,10
"Non-EU","Isle of Man",0,0,0,0,0,0,0
"Non-EU","Israel",0,0,0,0,0,0,0
"Non-EU","Jamaica",0,0,0,0,0,0,0
"Non-EU","Japan",5,5,5,15,15,15,10
"Non-EU","Jersey",0,0,0,0,0,0,0
"Non-EU","Jordan",30,35,40,50,55,60,65
"Non-EU","Kazakhstan",0,0,0,0,0,0,0
"Non-EU","Kenya",0,5,5,20,15,20,30
"Non-EU","Korea, Republic of",20,25,25,20,20,20,30
"Non-EU","Kosovo",0,0,0,0,0,0,0
"Non-EU","Kuwait",430,490,500,580,590,595,605
"Non-EU","Lao People's Democratic Republic",0,0,0,0,0,0,0
"Non-EU","Lebanon",5,5,10,10,10,10,15
"Non-EU","Lesotho",0,0,0,0,0,0,0
"Non-EU","Liberia",0,0,0,0,0,0,0
"Non-EU","Libya",10,10,10,5,5,5,5
"Non-EU","Macao",0,0,0,0,0,0,0
"Non-EU","Malawi",5,0,5,5,5,5,5
"Non-EU","Malaysia",660,610,530,495,420,365,335
"Non-EU","Maldives",0,0,5,5,5,5,5
"Non-EU","Mali",0,0,0,0,0,0,0
"Non-EU","Mauritania",0,0,0,0,0,0,0
"Non-EU","Mauritius",10,15,15,10,15,15,10
"Non-EU","Mayotte",0,0,0,0,0,0,0
"Non-EU","Mexico",5,5,10,5,5,15,15
"Non-EU","Moldova, Republic of",0,0,0,5,0,0,0
"Non-EU","Monaco",0,0,0,0,0,0,0
"Non-EU","Mongolia",0,0,0,0,0,0,0
"Non-EU","Morocco",0,0,0,0,0,0,0
"Non-EU","Mozambique",0,0,0,0,0,0,0
"Non-EU","Myanmar",10,5,10,5,5,5,5
"Non-EU","Namibia",0,5,0,0,0,0,0
"Non-EU","Nepal",5,10,5,10,10,5,0
"Non-EU","New Zealand",10,10,15,10,10,15,20
"Non-EU","Nicaragua",5,0,0,0,0,0,0
"Non-EU","Niger",0,0,0,0,0,0,0
"Non-EU","Nigeria",120,115,105,105,110,90,110
"Non-EU","Norway",25,20,15,15,10,15,5
"Non-EU","Oman",155,170,180,195,215,215,200
"Non-EU","Pakistan",40,45,35,35,45,60,70
"Non-EU","Palestinian Territory, Occupied",0,5,5,5,5,5,5
"Non-EU","Panama",0,0,0,0,0,0,0
"Non-EU","Peru",0,0,0,0,0,0,0
"Non-EU","Philippines",20,25,35,40,50,60,30
"Non-EU","Puerto Rico",0,0,0,0,0,0,0
"Non-EU","Qatar",10,15,35,55,65,75,85
"Non-EU","Russian Federation",10,10,15,10,10,5,5
"Non-EU","Rwanda",0,0,0,5,0,0,5
"Non-EU","Saint Kitts and Nevis",0,0,0,0,0,0,0
"Non-EU","Saint Pierre and Miquelon",0,0,0,0,0,0,0
"Non-EU","San Marino",0,0,0,0,0,0,0
"Non-EU","Sao Tome And Principe",0,0,0,0,0,0,0
"Non-EU","Saudi Arabia",330,345,395,445,515,475,495
"Non-EU","Senegal",0,0,0,0,0,0,0
"Non-EU","Serbia",0,0,0,0,0,0,0
"Non-EU","Seychelles",0,0,0,0,0,0,0
"Non-EU","Sierra Leone",0,0,0,0,5,5,0
"Non-EU","Singapore",475,355,270,230,200,160,140
"Non-EU","Somalia",0,0,0,0,5,0,0
"Non-EU","South Africa",15,15,20,20,25,30,30
"Non-EU","Sri Lanka",10,15,25,10,5,5,5
"Non-EU","Sudan",10,10,0,5,15,15,5
"Non-EU","Swaziland",0,0,0,0,0,0,0
"Non-EU","Switzerland",10,10,20,20,20,30,35
"Non-EU","Syrian Arab Republic",5,5,5,5,5,0,5
"Non-EU","Taiwan",10,10,10,10,15,10,15
"Non-EU","Tanzania, United Republic of",0,5,5,5,5,5,15
"Non-EU","Thailand",15,20,20,20,20,20,20
"Non-EU","Timor Leste",0,0,0,0,0,0,0
"Non-EU","Togo",0,0,0,0,0,0,0
"Non-EU","Trinidad and Tobago",75,80,75,60,70,55,50
"Non-EU","Turkey",5,5,5,10,10,15,10
"Non-EU","Uganda",5,5,10,10,10,10,10
"Non-EU","Ukraine",5,0,5,10,15,15,15
"Non-EU","United Arab Emirates",160,170,180,235,275,265,280
"Non-EU","United States",445,400,420,470,510,535,560
"Non-EU","Uruguay",0,0,0,0,0,0,0
"Non-EU","Venezuela",0,0,0,0,0,0,0
"Non-EU","Viet Nam",10,20,25,20,25,35,35
"Non-EU","Virgin Islands, British",0,0,0,0,0,0,0
"Non-EU","Virgin Islands, U.S.",0,0,0,0,0,0,0
"Non-EU","Yemen",0,0,0,0,0,0,0
"Non-EU","Zambia",5,0,0,0,0,10,5
"Non-EU","Zimbabwe",10,20,25,25,25,25,15
"Non-EU_TOTAL",,5135,5125,5140,5565,6025,6215,6380
"Northern Ireland","Northern Ireland",280,315,315,380,360,345,300
"Northern Ireland_TOTAL",,280,315,315,380,360,345,300
"Unknown","Not Applicable",0,0,0,0,0,0,0
"Unknown","Other",190,45,35,65,0,10,5
"Unknown_TOTAL",,190,45,35,65,0,10,5
"TOTAL","TOTAL",40800,41395,43745,44395,43720,45080,46315
